Carnet,Nombre Completo
18-00773,Kevin Diaz 
14-03745,Tyler Sanchez 
15-08273,Amanda Williams 
14-03108,Brooke Sanchez 
15-06226,Sarah Rojas 
17-00377,Brandon Martinez 
17-00617,Emily Diaz 
15-04317,Sarah Sanchez 
16-00591,Ethan Mendoza 
16-00177,Julia Ramirez 
15-08629,Nicholas Romero 
18-00835,Zachary Moreno 
13-10653,Benjamin Andrew
17-00791,James Lopez 
18-00189,Nicole Sanchez 
17-00835,Jacob Diaz 
18-00167,Christopher Ramirez 
13-04888,Brandon Romero 
18-10975,Amber Gutierrez 
16-00295,James Medina 
18-09112,Ryan Moore 
16-00166,Samantha Sanchez 
18-00925,John Torres 
18-00871,Amanda Diaz 
15-08630,Jonathan Martinez 
16-00598,Amanda Lopez 
16-00232,Jennifer Kayla
14-06215,Anthony Gutierrez 
14-00651,Tyler Mendoza 
16-00249,Nicholas Diaz 
18-00166,David Martinez 
15-03529,Matthew Benjamin
16-06692,Sarah Diaz 
16-06692,Sarah Diaz 
18-00889,Dylan Lopez 
16-06525,Ashley Ruiz 
16-00488,Joshua Johnson 
12-06898,Jessica Mendoza 
13-03696,Sarah Sanchez 
15-04334,Christopher Martinez 
16-00897,Alexander Diaz 
17-00419,Samantha Martinez 
18-00763,Joshua Miller 
16-00737,Nicholas Gomez 
18-00668,Michael Martinez 
18-00973,Megan Lopez 
16-00127,Christopher Martinez 
14-03617,Nicholas Ruiz 
17-00140,Ashley Fernandez 
18-00723,Brittany Diaz 
17-00109,Joseph Diaz 
14-08263,Joshua Torres 
15-03127,Rebecca Martinez 
15-08701,Christopher Gutierrez 
18-00849,Thomas Lopez 
14-08738,James Williams 
17-00195,Megan Rojas 
18-00374,Elizabeth Gomez 
13-04769,Kayla Sarah
18-00386,Amber Anderson 
18-00305,Brittany Ramirez 
16-00574,James Diaz 
16-00848,Lauren Lopez 
15-08867,Joseph Romero 
15-08998,Andrew Diaz 
14-00794,Nicholas Lopez 
18-00244,Austin Rojas 
18-00498,Christopher Williams 
17-00855,Matthew Rojas 
18-00770,Sarah Ramirez 
18-00471,Tyler Romero 
18-00709,Joshua Ramirez 
16-00251,Michael Vaca 
16-00807,Samantha Gomez 
17-00790,Nicholas Smith 
18-00786,Sarah Diaz 
18-00986,Amber Torres 
16-00621,Emily Sanchez 
18-00794,Michael Gomez 
18-00728,Emily Martinez 
18-00472,Samantha Jimenez 
15-01521,Samantha Sanchez 
15-06608,Nicholas Moreno 
15-06434,Taylor Martinez 
15-08955,Elizabeth Gomez 
15-08599,Jonathan Fernandez 
14-06650,Christopher Medina 
18-00494,Austin Alonzo 
18-00867,Jessica Castillo 
18-00490@usb.ve,Andrew Alexander
18-00469,Anna Gomez 
18-09942,Rachel Lopez 
18-00405,William Ramirez 
18-00181,Megan Mendoza 
18-00675,Megan Ruiz 
15-05141,Joshua Romero 
17-00194,Ashley Gutierrez 
18-00658,Nicholas Gomez 
17-00398,Daniel Ramirez 
17-00141,John Jimenez 
16-00455,Ashley Diaz 
18-00703,Ashley Medina 
17-00673,David Romero 
18-00713,Elizabeth Diaz 
17-00788,Matthew Moreno 
18-00683,Katherine Castillo 
14-06577,Matthew Torres 
16-00330,Daniel Fernandez 
15-03669,James Castillo 
17-00193,Victoria Castillo 
18-00735,Andrew Ruiz 
15-08914,John Martinez 
18-00874,Elizabeth Gomez 
16-00226,Taylor Anderson 
18-00758,Amanda Martinez 
16-00843,Michael Castillo 
18-00758,Amanda Martinez 
18-00988,Alexis Ramirez 
18-00789,Ashley Diaz 
15-03957,Lauren Ramirez 
17-09614,Samantha Rojas 
15-08381,Ashley Diaz 
18-00753,Matthew Lopez 
17-00730,Anthony Diaz 
17-00491,Michael Lopez 
18-00549,Andrew Gomez 
18-00377,Kayla Romero 
16-00989,Michael Lopez 
18-00390,Kevin Ruiz 
16-00507,John Rojas 
17-00846,Matthew Rojas 
18-00519,Joshua Romero 
15-07579,Eric Johnson 
16-06296,Amanda Ramirez 
17-00345,Emily Ramirez 
15-04670,Brittany
18-00740,Sarah Vaca 
13-08478,Eric Ramirez 
15-04992,Michael Jimenez 
16-00501,Madison Lopez 
17-00691,Sarah Martin 
16-00235,Jacob Gomez 
18-00500,Lauren Martinez 
18-00316,Matthew Lopez 
16-06763,Morgan Martinez 
14-03146,Samantha Mendoza 
18-00565,Michael Alonzo 
14-03584,Elizabeth Romero 
18-00876,Andrew Rojas 
17-00599,Sarah Diaz 
16-00617,Jessica Martinez 
14-03706,Amber Ruiz 
16-00388,Sarah Martinez 
18-00940,Lauren Romero 
16-00966,Anthony Sanchez 
17-00865,Rachel Sanchez 
12-06821,Brandon Romero 
18-00292,Taylor Medina 
18-00561,Amber Lopez 
17-00727,Anthony Martin 
16-00587,Daniel Fernandez 
18-00977,Andrew Romero 
18-00497,Michael Fernandez 
13-03117,Michael Daniel
14-03592,Joshua Romero 
15-04227,Hannah Sanchez 
16-00360,Ryan Martinez 
15-08565,Sarah Rojas 
17-00658,Daniel Romero 
15-03166,Matthew Sanchez 
17-00285,Christopher Medina 
16-00889,Jacob Medina 
16-00941,Robert Lopez 
15-08458,Brandon Lopez 
14-08552,John Martinez 
17-00987,Megan Sanchez 
18-00925,John Torres 
16-00566,Ashley Martinez 
18-00638,Andrew Ramirez 
18-00770,Sarah Ramirez 
17-00640,Michael Sanchez 
17-00925,Jasmine Castillo 
16-00966,Anthony Sanchez 
15-06144,Brittany Diaz 
11-06246,Charles
16-00455,Ashley Diaz 
16-00594,Ashley Rojas 
17-00377,Brandon Martinez 
18-00763,Joshua Miller 
18-00682,Kimberly Ramirez 
17-00212,Andrew Martinez 
15-03822,Sarah Sanchez 
17-09947,Brittany Ruiz 
18-00244,Austin Rojas 
18-00519,Joshua Romero 
14-06674,David Mendoza 
17-00419,Samantha Martinez 
17-00838,Emily Ramirez 
16-00140,James Sanchez 
16-00474,Brittany Martinez 
17-00791,James Lopez 
18-00935,Justin Torres 
16-00680,Sarah Castillo 
17-00865,Rachel Sanchez 
16-00587,Daniel Fernandez 
18-00519,Joshua Romero 
14-03146,Samantha Mendoza 
17-00238,Ashley Martinez 
15-08618,Robert Diaz 
14-00697,Taylor Sanchez 
16-06786,Christopher Sanchez 
18-00981,Andrew Ramirez 
16-00966,Anthony Sanchez 
17-00497,Kimberly Martinez 
17-00519,Matthew Gomez 
17-00599,Sarah Diaz 
18-00405,William Ramirez 
15-01521,Samantha Sanchez 
16-00359,Alexander Fernandez 
15-04212,Alyssa Mendoza 
16-00846,Brandon Johnson 
18-00698,Jonathan Martinez 
12-08852,Brandon Gutierrez 
13-04888,Brandon Romero 
15-01446,Elizabeth Castillo 
18-00879,Hannah Romero 
14-08193,Michael Lopez 
15-03568,Matthew Rojas 
18-00305,Brittany Ramirez 
19-00379,Nicole Lopez 
18-00306,Matthew Gomez 
15-05033,Brittany
17-00727,Anthony Martin 
17-00753,Christopher Rojas 
15-04317,Sarah Sanchez 
15-08480,Lauren
18-00519,Joshua Romero 
16-00177,Julia Ramirez 
16-00552,John Gomez 
15-04992,Michael Jimenez 
18-00925,John Torres 
16-00526,Christopher Sanchez 
15-08273,Amanda Williams 
16-00922,Benjamin Ruiz 
18-00471,Tyler Romero 
17-00109,Joseph Diaz 
17-00817,Samuel Lopez 
16-00621,Emily Sanchez 
17-00617,Emily Diaz 
17-00672,Alexander Lopez 
14-03108,Brooke Sanchez 
15-00565,Andrew Ramirez 
18-09568,Daniel Sanchez 
12-06190,Elizabeth Martinez 
15-00928,Hannah Moreno 
13-08353,Lauren Castillo 
16-00232,Austin Christopher
16-00923,Michael Fernandez 
13-00599,Andrew Daniel
16-00503,Christopher Gomez 
15-03631,Amanda Romero 
18-00271,Joshua Gomez 
16-00590,Ashley Fernandez 
18-00992,Adam Rojas 
17-00846,Matthew Rojas 
17-00398,Daniel Ramirez 
18-00469,Anna Gomez 
16-00368,Jessica Romero 
16-00032,Daniel Tyler
15-03127,Rebecca Martinez 
16-06248,Hannah Martin 
15-07237,Nicholas Gomez 
19-00121,Brittany Vaca 
17-00272,Emily Lopez 
16-00469,John Romero 
16-06209,Christopher Moreno 
14-03364,Daniel Rojas 
16-00501,Madison Lopez 
16-06610,William Gomez 
17-00141,John Jimenez 
18-00867,Jessica Castillo 
15-08835,David Fernandez 
18-00675,Megan Ruiz 
16-00973,Danielle Alonzo 
17-00639,Emily Lopez 
18-00390,Kevin Ruiz 
18-00571,Zachary Rojas 
17-00599,Sarah Diaz 
15-03707,Christopher Ramirez 
19-00941,Taylor Gutierrez 
17-00688,Ashley Fernandez 
15-05033,Melissa
19-00622,Brittany Johnson 
19-00836,Joseph Sanchez 
19-00358,Michael Lopez 
16-00388,Katherine Castillo 
16-00410,Elizabeth Castillo 
15-03179,Michael Sanchez 
16-00973,Danielle Alonzo 
17-00639,Emily Lopez 
18-00390,Kevin Ruiz 
18-00571,Zachary Rojas 
17-00599,Sarah Diaz 
15-03707,Christopher Ramirez 
19-00941,Taylor Gutierrez 
17-00688,Ashley Fernandez 
15-05033,Taylor Kelsey
19-00622,Brittany Johnson 
19-00836,Joseph Sanchez 
19-00358,Michael Lopez 
16-00388,Katherine Castillo 
16-00410,Elizabeth Castillo 
15-03179,Michael Sanchez 
